{"lp__": [[835.681]], "k": [[-0.0644648]], "m": [[0.0319358]], "delta": [[4.42158e-09, 1.52193e-08, -3.19846e-09, 3.25693e-08, 4.5365e-09, 3.09182e-07, 6.02364e-08, 0.000136661, 0.00618402, 0.0314273, 0.0375384, 0.0382653, 0.0236235, 0.000246283, 0.000308176, 2.07853e-08, 2.09831e-08, -2.21137e-09, -3.32663e-08, -7.51849e-09, -0.000288375, -0.068186, -0.0493487, -4.98614e-08, -4.29122e-08]], "sigma_obs": [[0.0986404]], "beta": [[0.00139517, 0.0128439, 0.00517919, 0.00219365, 0.00416411, 0.000214011]], "trend": [[0.0319358, 0.0317963, 0.0316568, 0.0315172, 0.0313777, 0.0312382, 0.0310986, 0.0309591, 0.0308196, 0.03068, 0.0305405, 0.030401, 0.0302614, 0.0301219, 0.0299823, 0.0298428, 0.0297033, 0.0295637, 0.0294242, 0.0292847, 0.0291451, 0.0290056, 0.0288661, 0.0287265, 0.028587, 0.0284475, 0.0283079, 0.0281684, 0.0280289, 0.0278893, 0.0277498, 0.0276103, 0.0274707, 0.0273312, 0.0271917, 0.0270521, 0.0269126, 0.0267731, 0.0266335, 0.026494, 0.0263545, 0.0262149, 0.0260754, 0.0259359, 0.0257963, 0.0256568, 0.0255173, 0.0253777, 0.0252382, 0.0250987, 0.0249591, 0.0248196, 0.02468, 0.0245405, 0.024401, 0.0242614, 0.0241219, 0.0239824, 0.0238428, 0.0237033, 0.0235638, 0.0234242, 0.0232847, 0.0231452, 0.0230056, 0.0228661, 0.0227266, 0.022587, 0.0224475, 0.022308, 0.0221684, 0.0220289, 0.0218894, 0.0217498, 0.0216103, 0.0214708, 0.0213312, 0.0211917, 0.0210522, 0.0209126, 0.0207731, 0.0206336, 0.020494, 0.0203545, 0.020215, 0.0200754, 0.0199359, 0.0197964, 0.0196568, 0.0195173, 0.0193778, 0.0192382, 0.0190987, 0.0189592, 0.0188196, 0.0186801, 0.0185406, 0.018401, 0.0182615, 0.018122, 0.0179824, 0.0178429, 0.0177034, 0.0175638, 0.0174243, 0.0172848, 0.0171452, 0.0170057, 0.0168662, 0.0167266, 0.0165871, 0.0164476, 0.016308, 0.0161685, 0.016029, 0.0158894, 0.0157499, 0.0156104, 0.0154708, 0.0153316, 0.0151923, 0.0150531, 0.0149139, 0.0147746, 0.0146354, 0.0144962, 0.0143569, 0.0142177, 0.0140784, 0.0139392, 0.0138, 0.0136607, 0.0135215, 0.0133823, 0.0132564, 0.0131306, 0.0130047, 0.0128788, 0.012753, 0.0126271, 0.0125013, 0.0123754, 0.0122496, 0.0121237, 0.0119979, 0.011872, 0.0117462, 0.0116203, 0.0114945, 0.0114366, 0.0113788, 0.011321, 0.0112632, 0.0112053, 0.0111475, 0.0110897, 0.0110319, 0.010974, 0.0109162, 0.0108584, 0.0108005, 0.0107427, 0.0106849, 0.0107083, 0.0107317, 0.0107552, 0.0107786, 0.010802, 0.0108254, 0.0108489, 0.0108723, 0.0108957, 0.0109191, 0.0109426, 0.010966, 0.0109894, 0.0110128, 0.0110363, 0.0111425, 0.0112488, 0.011355, 0.0114613, 0.0115675, 0.0116738, 0.01178, 0.0118862, 0.0119925, 0.0120987, 0.012205, 0.0123112, 0.0124175, 0.0125237, 0.01263, 0.0127874, 0.0129448, 0.0131021, 0.0132595, 0.0134169, 0.0135743, 0.0137317, 0.0138891, 0.0140464, 0.0142038, 0.0143612, 0.0145186, 0.014676, 0.0148334, 0.0149907, 0.0151487, 0.0153066, 0.0154645, 0.0156224, 0.0157803, 0.0159382, 0.0160961, 0.0162541, 0.016412, 0.0165699, 0.0167278, 0.0168857, 0.0170436, 0.0172016, 0.0173601, 0.0175187, 0.0176773, 0.0178359, 0.0179945, 0.0181531, 0.0183116, 0.0184702, 0.0186288, 0.0187874, 0.018946, 0.0191045, 0.0192631, 0.0194217, 0.0195803, 0.0197389, 0.0198975, 0.020056, 0.0202146, 0.0203732, 0.0205318, 0.0206904, 0.020849, 0.0210075, 0.0211661, 0.0213247, 0.0214833, 0.0216419, 0.0218005, 0.021959, 0.0221176, 0.0222762, 0.0224348, 0.0225934, 0.022752, 0.0229105, 0.0230691, 0.0232277, 0.0233863, 0.0235449, 0.0237034, 0.023862, 0.0240206, 0.0241792, 0.0243378, 0.0244964, 0.0246549, 0.0248135, 0.0249721, 0.0251307, 0.0252893, 0.0254479, 0.0256064, 0.025765, 0.0259236, 0.0260822, 0.0262408, 0.0263994, 0.0265579, 0.0267165, 0.0268751, 0.0270337, 0.0271923, 0.0273509, 0.0275094, 0.027668, 0.0278266, 0.0279852, 0.0281438, 0.0283024, 0.0284609, 0.0286195, 0.0287781, 0.0289367, 0.0290953, 0.0292538, 0.0294124, 0.029571, 0.0297296, 0.0298882, 0.0300468, 0.0302053, 0.0303639, 0.0305225, 0.0306811, 0.0308397, 0.0309983, 0.0311568, 0.0313154, 0.0314734, 0.0316313, 0.0317893, 0.0319473, 0.0321052, 0.0322632, 0.0324211, 0.0325791, 0.032737, 0.032895, 0.033053, 0.0332109, 0.0333689, 0.0335268, 0.0336848, 0.0336952, 0.0337055, 0.0337159, 0.0337263, 0.0337366, 0.033747, 0.0337574, 0.0337678, 0.0337781, 0.0337885, 0.0337989, 0.0338092, 0.0338196, 0.03383, 0.0337335, 0.0336371, 0.0335406, 0.0334442, 0.0333477, 0.0332513, 0.0331549, 0.0330584, 0.032962, 0.0328655, 0.0327691, 0.0326726, 0.0325762, 0.0324797, 0.0323833, 0.0322868, 0.0321904, 0.032094, 0.0319975, 0.0319011, 0.0318046, 0.0317082, 0.0316117, 0.0315153, 0.0314188, 0.0313224, 0.0312259, 0.0311295, 0.0310331, 0.0309366, 0.0308402, 0.0307437, 0.0306473, 0.0305508, 0.0304544, 0.0303579, 0.0302615, 0.030165, 0.0300686, 0.0299721, 0.0298757, 0.0297793, 0.0296828, 0.0295864, 0.0294899, 0.0293935, 0.029297, 0.0292006, 0.0291041, 0.0290077, 0.0289112, 0.0288148, 0.0287184, 0.0286219, 0.0285255, 0.028429, 0.0283326, 0.0282361, 0.0281397, 0.0280432, 0.0279468, 0.0278503, 0.0277539, 0.0276574, 0.027561, 0.0274646, 0.0273681, 0.0272717, 0.0271752, 0.0270788, 0.0269823, 0.0268859, 0.0267894, 0.026693, 0.0265965, 0.0265001, 0.0264037, 0.0263072, 0.0262108, 0.0261143, 0.0260179, 0.0259214, 0.025825, 0.0257285, 0.0256321, 0.0255356, 0.0254392, 0.0253427, 0.0252463, 0.0251499, 0.0250534, 0.024957, 0.0248605, 0.0247641, 0.0246676, 0.0245712, 0.0244747, 0.0243783, 0.0242818, 0.0241854, 0.024089, 0.0239925, 0.0238961, 0.0237996, 0.0237032, 0.0236067, 0.0235103, 0.0234138, 0.0233174, 0.0232209, 0.0231245, 0.023028, 0.0229316, 0.0228352, 0.0227387, 0.0226423, 0.0225458, 0.0224494, 0.0223529, 0.0222565, 0.02216, 0.0220636, 0.0219671]]}